evidence_id,domain,uml_element,source_repository,source_path,symbol_or_graph,node_guid,verification_status,notes
PY-DEPLOY-001,deployment,Local uvicorn launch configuration,aesir-ai-service,start.bat,uvicorn app.main:app,,source_verified,默认监听 127.0.0.1:8000 且允许用首个参数覆盖端口
DOC-GDD-001,documentation,Game design baseline,aesir-ai-service,docs/planning/game-design-doc-v0.1.md,,,document_only,目标设计不等同于当前实现
DOC-PROTO-001,protocol,Tactical protocol v0.1,aesir-ai-service,docs/protocols/ue-protocol-contract-v0.1.md,,,document_only,
DOC-PROTO-002,protocol,Combat tactical protocol v0.2,aesir-ai-service,docs/protocols/combat-tactical-protocol-v0.2.md,,,document_only,
UE-CMD-001,command,UCommandServiceSubsystem,UE_AesirCombatPrototype,Source/AesirCombatPrototype/Aesir/Companions/CommandServiceSubsystem.cpp,UCommandServiceSubsystem,,source_verified,
UE-CHAT-001,companion,UCompanionChatSubsystem,UE_AesirCombatPrototype,Source/AesirCombatPrototype/Aesir/Companions/CompanionChatSubsystem.cpp,UCompanionChatSubsystem,,source_verified,
UE-VOICE-001,voice,UVoiceCaptureComponent,UE_AesirCombatPrototype,Source/AesirCombatPrototype/Components/VoiceCaptureComponent.cpp,UVoiceCaptureComponent,,source_verified,
UE-ORDER-001,tactical,UTacticalOrderComponent,UE_AesirCombatPrototype,Source/AesirCombatPrototype/Components/TacticalOrderComponent.cpp,UTacticalOrderComponent,,source_verified,
UE-COMBAT-001,combat,UAesirCombatComponent,UE_AesirCombatPrototype,Source/AesirCombatPrototype/Components/AesirCombatComponent.cpp,UAesirCombatComponent,,source_verified,
UE-HEALTH-001,combat,UAesirHealthComponent,UE_AesirCombatPrototype,Source/AesirCombatPrototype/Components/AesirHealthComponent.cpp,UAesirHealthComponent,,source_verified,处理 AnyDamage 与 PointDamage 并广播生命变化 命中与死亡委托
UE-POISE-001,combat,UAesirPoiseComponent,UE_AesirCombatPrototype,Source/AesirCombatPrototype/Components/AesirPoiseComponent.cpp,UAesirPoiseComponent,,source_verified,扣减和重置韧性并广播破韧委托
UE-COMBAT-STATE-001,combat,UAesirCombatStateComponent,UE_AesirCombatPrototype,Source/AesirCombatPrototype/Components/AesirCombatStateComponent.cpp,UAesirCombatStateComponent,,source_verified,存储战斗状态且 Dead 状态不可离开
UE-TARGETING-001,combat,UAesirTargetingComponent,UE_AesirCombatPrototype,Source/AesirCombatPrototype/Components/AesirTargetingComponent.cpp,UAesirTargetingComponent,,source_verified,按视角 屏幕中心与距离选择敌人并控制锁定标记
UE-PLAYER-001,combat,AAesirPlayerCharacter,UE_AesirCombatPrototype,Source/AesirCombatPrototype/Aesir/AesirPlayerCharacter.cpp,AAesirPlayerCharacter,,source_verified,创建并协调 Combat Health Targeting CombatState 组件
UE-ENEMY-001,combat,AAesirEnemyCharacter,UE_AesirCombatPrototype,Source/AesirCombatPrototype/Aesir/Characters/Enemies/AesirEnemyCharacter.cpp,AAesirEnemyCharacter,,source_verified,创建并协调 Combat Health Poise CombatState 组件
UE-ENEMY-BP-001,combat,BP_AesirEnemyCharacter,UE_AesirCombatPrototype,Content/Aesir/Characters/Enemies/Dummy/BP_AesirEnemyCharacter.uasset,Components Defaults and EventGraph,,partially_verified,11 个组件及 45 节点 EventGraph 已核验；AI 自动接管和两个 Widget Class 已确认；数值默认值待核验
UE-ENEMY-BP-AI-001,ai,Enemy AI possession,UE_AesirCombatPrototype,Content/Aesir/Characters/Enemies/Dummy/BP_AesirEnemyCharacter.uasset,Class Defaults,,blueprint_verified,AIControllerClass=AesirEnemyAIController；AutoPossessAI=PlacedInWorldOrSpawned
UE-ENEMY-BP-UI-001,presentation,Enemy world-space UI,UE_AesirCombatPrototype,Content/Aesir/Characters/Enemies/Dummy/BP_AesirEnemyCharacter.uasset,Components,,blueprint_verified,EnemyHealthBarWidget=WBP_EnemyHealthBar；LockOnIndicator=WBP_LockOnIndicator
UE-MATCH-001,combat,AAesirCombatPrototypeGameMode,UE_AesirCombatPrototype,Source/AesirCombatPrototype/Aesir/AesirCombatPrototypeGameMode.cpp,AAesirCombatPrototypeGameMode,,source_verified,监听玩家和敌人死亡委托并裁定胜负
UE-AUTH-001,combat,UE authoritative combat domain,UE_AesirCombatPrototype,Source/AesirCombatPrototype,,source_verified,由 Player Enemy Combat Health Poise TacticalOrder 等当前源码共同证明
UE-AI-001,ai,UE AI execution domain,UE_AesirCombatPrototype,Source/AesirCombatPrototype/Aesir/AI,,,source_verified,行为树内部节点仍待蓝图导出核验
UE-BP-PRESENTATION-001,presentation,Input HUD and animation Blueprints,UE_AesirCombatPrototype,Content/Aesir,,,partially_verified,WBP_CombatHUD EventGraph 已核验；其余 HUD 与动画蓝图仍待核验
UE-PLAYER-BP-001,combat,BP_AesirPlayerCharacter,UE_AesirCombatPrototype,Content/Aesir/Characters/Player/BP_AesirPlayerCharacter.uasset,Components and EventGraph,,partially_verified,基础战斗蓝图；11 个组件已核验；EventGraph 18 个节点已导入
UE-PLAYER-BP-RUNTIME-001,combat,BP_AesirPlayer_MM_Reference,UE_AesirCombatPrototype,Content/Aesir/Characters/Player/BP_AesirPlayer_MM_Reference.uasset,Components and EventGraph,,partially_verified,用户确认的主要玩家资产；继承 BP_AesirPlayerCharacter；EventGraph 187 个节点已导入
UE-VOICE-BP-001,voice,VoiceRecorder component,UE_AesirCombatPrototype,Content/Aesir/Characters/Player/BP_AesirPlayer_MM_Reference.uasset,Components,,blueprint_verified,主要玩家挂载 UVoiceCaptureComponent 实例 VoiceRecorder
UE-VOICE-BP-FLOW-001,voice,Push-to-talk recording flow,UE_AesirCombatPrototype,Content/Aesir/Characters/Player/BP_AesirPlayer_MM_Reference.uasset,EventGraph,1E7C893048FC46A3108C2B9F35112EE1,blueprint_verified,IA_PushToTalk 驱动 StartRecording StopRecording IsRecording 和 GetLastWavData
UE-CMD-BP-VOICE-001,command,ParseVoiceCommand call,UE_AesirCombatPrototype,Content/Aesir/Characters/Player/BP_AesirPlayer_MM_Reference.uasset,EventGraph,E16AD7124AA6D539F9B67589E6A49EFE,blueprint_verified,GetLastWavData 输出传入 UCommandServiceSubsystem.ParseVoiceCommand
UE-CHAT-BP-001,companion,WBP_CompanionChatTest,UE_AesirCombatPrototype,Content/Aesir/UI/Companion/WBP_CompanionChatTest.uasset,EventGraph,,blueprint_verified,34 个节点；实现文本聊天与成功失败 UI；未发现语音或战术命令节点
UE-CHAT-BP-CONSTRUCT-001,companion,Bind chat delegates,UE_AesirCombatPrototype,Content/Aesir/UI/Companion/WBP_CompanionChatTest.uasset,Construct,6782FE1142D20EE6122A61BC01478B1E,blueprint_verified,依次绑定 OnReplyReceived 和 OnRequestFailed
UE-CHAT-BP-SEND-001,companion,Send chat button flow,UE_AesirCombatPrototype,Content/Aesir/UI/Companion/WBP_CompanionChatTest.uasset,SendButton OnClicked,395B28594F0724B33C8338ADD1D0FA65,blueprint_verified,读取 InputMessage 后调用 SendChatMessage 并清空输入
UE-CHAT-BP-REPLY-001,companion,Handle chat reply,UE_AesirCombatPrototype,Content/Aesir/UI/Companion/WBP_CompanionChatTest.uasset,OnChatReply,D5D46AB64ED76F7B7757D4B3FCB35472,blueprint_verified,更新 AliceReplyText DebugText 并清空 ErrorText
UE-CHAT-BP-ERROR-001,companion,Handle chat error,UE_AesirCombatPrototype,Content/Aesir/UI/Companion/WBP_CompanionChatTest.uasset,OnChatError,C23886CF4AC16C3EA814AFB4FD485183,blueprint_verified,把错误字符串写入 ErrorText
UE-CHAT-BP-CLOSE-001,companion,Close companion chat,UE_AesirCombatPrototype,Content/Aesir/UI/Companion/WBP_CompanionChatTest.uasset,CloseButton OnClicked,773DB545456380FEE0EF858214F8BF17,blueprint_verified,获取 OwningPlayer 并调用 CloseCompanionChat
UE-ALICE-BP-001,companion,BP_AliceCompanion,UE_AesirCombatPrototype,Content/Aesir/Characters/Companions/BP_AliceCompanion.uasset,Components and EventGraph,,partially_verified,已确认 AesirCombatState AesirHealth TacticalOrder 等组件；EventGraph 已核验为空；默认值与其他 Graph 待核验
UE-ALICE-BT-001,companion,BT_Alice,UE_AesirCombatPrototype,Content/Aesir/AI/Companions/BT_Alice.uasset,Behavior Tree,D10A438E40E7267EDBCBD89EDC415D0F,blueprint_verified,Root 到 Alice Decision Selector 再到 Follow Player Sequence
UE-ALICE-BT-SELECTOR-001,companion,Alice Decision Selector,UE_AesirCombatPrototype,Content/Aesir/AI/Companions/BT_Alice.uasset,Alice Decision,D0C45B4C465EAD12559724B851414514,blueprint_verified,挂载 BTS_AliceUpdateTarget；当前仅一个 Follow Player 分支
UE-ALICE-BT-FOLLOW-001,companion,Follow Player Sequence,UE_AesirCombatPrototype,Content/Aesir/AI/Companions/BT_Alice.uasset,Follow Player,BB4C88B74EDC95F30D9209BB7F4DB715,blueprint_verified,TargetActor Is Set 后依次 Wait 和 Move To
UE-ALICE-BT-WAIT-001,companion,Wait Task,UE_AesirCombatPrototype,Content/Aesir/AI/Companions/BT_Alice.uasset,Wait,497D033949530D198B55D782E0773503,blueprint_verified,WaitTime 0.5s
UE-ALICE-BT-MOVE-001,companion,Move To TargetActor Task,UE_AesirCombatPrototype,Content/Aesir/AI/Companions/BT_Alice.uasset,Move To,4D981A5441A9B31177AF359D3A2DE97C,blueprint_verified,TargetActor；AcceptableRadius 250；ObserveBlackboardValue true
UE-ALICE-BT-SERVICE-001,companion,BTS_AliceUpdateTarget service instance,UE_AesirCombatPrototype,Content/Aesir/AI/Companions/BT_Alice.uasset,BTS_AliceUpdateTarget,BC99EB8941AA8B66E5EEA7BA17405E5E,blueprint_verified,Interval 0.25s；RandomDeviation 0；TargetActorKey=TargetActor
UE-ALICE-BT-DECORATOR-001,companion,TargetActor Is Set decorator,UE_AesirCombatPrototype,Content/Aesir/AI/Companions/BT_Alice.uasset,TargetActor Is Set,0C8F1D8E469F9FE688CA778BF6CBBB44,blueprint_verified,NotifyObserver ValueChange；FlowAbortMode Both
UE-ALICE-BTS-001,companion,BTS_AliceUpdateTarget EventGraph,UE_AesirCombatPrototype,Content/Aesir/AI/Companions/BTS_AliceUpdateTarget.uasset,ReceiveTickAI,05BCAEA041A96991283E559D2839E38E,blueprint_verified,每 Tick 把 GetPlayerController(0) 写入 TargetActor
UE-ALICE-BB-001,companion,BB_Alice,UE_AesirCombatPrototype,Content/Aesir/AI/Companions/BB_Alice.uasset,SelfActor and TargetActor,,blueprint_verified,已确认两个 Object Key及 TargetActor 的 Service 写入 Decorator/MoveTo 读取链
UE-BOSS-AIC-BP-001,ai,BP_AesirBossAIController,UE_AesirCombatPrototype,Content/Aesir/AI/Boss/BP_AesirBossAIController.uasset,Class Defaults and EventGraph,,blueprint_verified,EventGraph 为空；BossBehaviorTree=BT_AesirBoss
UE-BOSS-PAWN-BP-001,ai,BP_AesirMiniBoss_Clean,UE_AesirCombatPrototype,Content/Aesir/Characters/Enemies/Dummy/BP_AesirMiniBoss_Clean.uasset,Components Defaults and EventGraph,,blueprint_verified,继承 BP_AesirEnemyCharacter；EventGraph 为空；AIController=BP_AesirBossAIController；AutoPossessAI=PlacedInWorldOrSpawned
UE-BOSS-BT-001,ai,BT_AesirBoss,UE_AesirCombatPrototype,Content/Aesir/AI/Boss/BT_AesirBoss.uasset,Behavior Tree,4D39F82D4A87946F94F0A4B9F2C68ECF,blueprint_verified,Root 到 Boss Decision Selector；Dead Stunned Engage 三个分支
UE-BOSS-BT-SERVICE-001,ai,Update Boss State,UE_AesirCombatPrototype,Content/Aesir/AI/Boss/BT_AesirBoss.uasset,Behavior Tree,21A2E7D24491C34226D4D59E83912AB8,blueprint_verified,每 0.2 秒写入 TargetActor IsStunned IsDead
UE-BOSS-BT-ENGAGE-001,ai,Boss Engage sequence,UE_AesirCombatPrototype,Content/Aesir/AI/Boss/BT_AesirBoss.uasset,Behavior Tree,F295B2C049710ECA5F4300A48410FD02,blueprint_verified,存活未眩晕且有目标时 MoveTo BossAttack Wait
UE-BOSS-BT-ATTACK-001,ai,Boss Attack task,UE_AesirCombatPrototype,Content/Aesir/AI/Boss/BT_AesirBoss.uasset,Behavior Tree,6F3EA6294117FEEEE377439C7FD33925,blueprint_verified,调用 AAesirEnemyCharacter.TryAttack 并等待攻击结束
UE-BOSS-BB-001,ai,BB_AesirBoss,UE_AesirCombatPrototype,Content/Aesir/AI/Boss/BB_AesirBoss.uasset,TargetActor IsStunned IsDead,,partially_verified,三个已知 Key 的类型和 InstanceSynced 已核验；TargetActor BaseClass=Actor Default=None；Parent=None；完整 Key 列表待截图
UE-HUD-BP-001,presentation,WBP_CombatHUD,UE_AesirCombatPrototype,Content/Aesir/UI/HealthBars/WBP_CombatHUD.uasset,Widget Tree EventGraph and SetPlayerHealth,,blueprint_verified,CanvasPanel 与 PB_PlayerHealth 已确认；12 节点 EventGraph 和 6 节点 SetPlayerHealth 已核验
UE-HUD-BP-CONSTRUCT-001,presentation,Combat HUD health binding,UE_AesirCombatPrototype,Content/Aesir/UI/HealthBars/WBP_CombatHUD.uasset,Construct,3EDDDA874AA9FE2146317F9D42D390DE,blueprint_verified,获取玩家 HealthComponent 并绑定 OnHealthChanged 后初始化生命显示
UE-HUD-BP-HEALTH-001,presentation,Combat HUD health change callback,UE_AesirCombatPrototype,Content/Aesir/UI/HealthBars/WBP_CombatHUD.uasset,OnHealthChanged_Event,99EC91654686E9B79C2192A1BF74F503,blueprint_verified,把 CurrentHealth 与 MaxHealth 传入 SetPlayerHealth
UE-HUD-BP-FUNCTION-001,presentation,SetPlayerHealth progress calculation,UE_AesirCombatPrototype,Content/Aesir/UI/HealthBars/WBP_CombatHUD.uasset,SetPlayerHealth,674F59704BD7D74890C29CA8FD15B97E,blueprint_verified,Clamp(CurrentHealth/Max(MaxHealth 1.0) 0.0 1.0) 后调用 PB_PlayerHealth.SetPercent
UE-ENEMY-HUD-BP-001,presentation,WBP_EnemyHealthBar,UE_AesirCombatPrototype,Content/Aesir/UI/HealthBars/WBP_EnemyHealthBar.uasset,Widget Tree EventGraph and SetEnemyHealth,,blueprint_verified,CanvasPanel SizeBox PB_EnemyHealth 已确认；EventGraph 为空；5 节点 SetEnemyHealth 已核验
UE-ENEMY-HUD-BP-FUNCTION-001,presentation,SetEnemyHealth progress calculation,UE_AesirCombatPrototype,Content/Aesir/UI/HealthBars/WBP_EnemyHealthBar.uasset,SetEnemyHealth,F50A8F9C449EAC7161D15F8EEE372C02,blueprint_verified,Clamp(CurrentHealth/MaxHealth 0.0 1.0) 后调用 PB_EnemyHealth.SetPercent；无分母保护节点
UE-ENEMY-HUD-BP-CALL-001,presentation,Enemy health widget update call,UE_AesirCombatPrototype,Content/Aesir/Characters/Enemies/Dummy/BP_AesirEnemyCharacter.uasset,OnEnemyHealthChanged,73EBDA1C47F444BBFAD02CB0258F1895,blueprint_verified,BeginPlay 初始化并绑定 HealthComponent.OnHealthChanged；两条路径均调用 WBP_EnemyHealthBar.SetEnemyHealth
UE-LOCKON-HUD-BP-001,presentation,WBP_LockOnIndicator,UE_AesirCombatPrototype,Content/Aesir/UI/Targeting/WBP_LockOnIndicator.uasset,Widget Tree and EventGraph,,blueprint_verified,SizeBox 与 Border 已确认；EventGraph 为空；用户确认不存在其他 Graph
UE-LOCKON-HUD-BP-CALL-001,presentation,Lock-on indicator visibility,UE_AesirCombatPrototype,Content/Aesir/Characters/Enemies/Dummy/BP_AesirEnemyCharacter.uasset,SetLockOnIndicatorVisible,1AC6C45A429003E0DB8E89B2D4EC9366,blueprint_verified,bVisible 传给 LockOnIndicator Widget Component.SetVisibility
UE-RESULT-HUD-BP-001,presentation,WBP_CombatResult,UE_AesirCombatPrototype,Content/Aesir/UI/Results/WBP_CombatResult.uasset,Widget Tree EventGraph and SetCombatResult,,blueprint_verified,结果文本 Restart 按钮 9 节点 EventGraph 和 6 节点函数已核验
UE-RESULT-HUD-BP-FUNCTION-001,presentation,SetCombatResult mapping,UE_AesirCombatPrototype,Content/Aesir/UI/Results/WBP_CombatResult.uasset,SetCombatResult,8306DF7746EE8707FF8B6AAE0B39E901,blueprint_verified,Victory 映射 VICTORY；Defeat 与 None 映射 DEFEAT
UE-RESULT-HUD-BP-RESTART-001,presentation,Combat restart flow,UE_AesirCombatPrototype,Content/Aesir/UI/Results/WBP_CombatResult.uasset,BTN_Restart OnClicked,90E739CE4E7FA026196483BBB2229153,blueprint_verified,解除暂停 切换 GameOnly 隐藏鼠标并重载 L_AesirCombatTest
UE-RESULT-HUD-BP-CALL-001,combat,GameMode creates combat result widget,UE_AesirCombatPrototype,Content/Aesir/Framework/BP_AesirGameMode.uasset,OnCombatEnded,1A19B35A4D1B24683DE5459418CA4500,blueprint_verified,创建 WBP_CombatResult 调用 SetCombatResult 并显示；用户于 2026-09-12 确认 BP_AesirGameMode 重新编译成功
UE-INPUT-IMC-COMBAT-001,input,IMC_AesirCombat mappings,UE_AesirCombatPrototype,Content/Aesir/Input/Mappings/IMC_AesirCombat.uasset,Default Key Mappings,,blueprint_verified,5 个 Action 与 10 个键位已核验；用户确认全部 Mapping 级 Triggers 和 Modifiers 为默认且无自定义项
UE-INPUT-LIGHT-001,input,Light attack mappings,UE_AesirCombatPrototype,Content/Aesir/Input/Mappings/IMC_AesirCombat.uasset,IA_LightAttack,,blueprint_verified,Left Mouse Button；Gamepad Right Shoulder
UE-INPUT-HEAVY-001,input,Heavy attack mappings,UE_AesirCombatPrototype,Content/Aesir/Input/Mappings/IMC_AesirCombat.uasset,IA_HeavyAttack,,blueprint_verified,Right Mouse Button；Gamepad Right Trigger Axis
UE-INPUT-LOCKON-001,input,Lock-on mappings,UE_AesirCombatPrototype,Content/Aesir/Input/Mappings/IMC_AesirCombat.uasset,IA_LockOn,,blueprint_verified,Middle Mouse Button；Gamepad Right Thumbstick Button
UE-INPUT-EVADE-001,input,Evade mappings,UE_AesirCombatPrototype,Content/Aesir/Input/Mappings/IMC_AesirCombat.uasset,IA_Evade,,blueprint_verified,Space Bar；Gamepad Face Button Bottom
UE-INPUT-CHAT-001,input,Companion chat toggle mappings,UE_AesirCombatPrototype,Content/Aesir/Input/Mappings/IMC_AesirCombat.uasset,IA_ToggleCompanionChat,,blueprint_verified,Enter；Gamepad D-pad Up
UE-INPUT-ACTIONS-001,input,Aesir combat and companion Input Actions,UE_AesirCombatPrototype,Content/Aesir/Input/Actions,IA_Evade IA_HeavyAttack IA_LightAttack IA_LockOn IA_PushToTalk IA_ToggleCompanionChat,,blueprint_verified,六个 Action 均为 Digital bool；Triggers 和 Modifiers 均为 0；其余共同默认值见 input/actions.md
UE-INPUT-IMC-LOCOMOTION-001,input,IMC_AesirLocomotion mappings,UE_AesirCombatPrototype,Content/Aesir/Input/Mappings/IMC_AesirLocomotion.uasset,Default Key Mappings,,partially_verified,用户确认当前使用；16 个 Action 与 29 个键位已核验；映射级 Triggers 和 Modifiers 待核验
UE-INPUT-CONTEXT-RUNTIME-001,input,Runtime default mapping contexts,UE_AesirCombatPrototype,Content/Aesir/Framework/BP_AesirPlayerController.uasset,DefaultMappingContexts,,blueprint_verified,用户于 2026-09-12 确认当前为 IMC_AesirLocomotion 加 IMC_AesirCombat；旧 IMC_Default 截图作为历史记录保留
UE-INPUT-MOVE-MAPPINGS-001,input,IA_Move keyboard mappings,UE_AesirCombatPrototype,Content/Aesir/Input/Mappings/IMC_AesirLocomotion.uasset,IA_Move,,blueprint_verified,W 为 YXZ Swizzle；S 为 YXZ Swizzle 后全轴 Negate；A 为全轴 Negate；D 无 Modifier
UE-INPUT-WORLDSPACE-MAPPINGS-001,input,IA_Move_WorldSpace arrow mappings,UE_AesirCombatPrototype,Content/Aesir/Input/Mappings/IMC_AesirLocomotion.uasset,IA_Move_WorldSpace,,blueprint_verified,Up 为 YXZ Swizzle；Down 为 YXZ Swizzle 后全轴 Negate；Left 为全轴 Negate；Right 无 Modifier
PY-API-CMD-001,command,Command parse API,aesir-ai-service,app/api/v1/commands.py,parse_command_v1,,source_verified,POST /v1/commands/parse
PY-API-VOICE-001,voice,Voice command API,aesir-ai-service,app/api/v1/voice.py,transcribe_and_parse_voice,,source_verified,POST /v1/voice/command
PY-API-SPEECH-001,voice,Speech transcription API,aesir-ai-service,app/api/v1/speech.py,transcribe_speech,,source_verified,POST /v1/speech/transcribe 已在后端实现但 UE 尚未接入
PY-API-TACTICAL-001,tactical,Tactical resolve API,aesir-ai-service,app/api/v1/tactical.py,resolve_tactical,,source_verified,POST /v1/tactical/resolve
PY-API-CHAT-001,companion,Companion chat API,aesir-ai-service,app/api/v1/companion.py,chat_with_companion,,source_verified,POST /v1/companion/chat
PY-APP-001,service,FastAPI application,aesir-ai-service,app/main.py,app,,source_verified,统一注册 app.api.routes.router
PY-PARSER-001,command,Command and ASR services,aesir-ai-service,app/services,,,source_verified,parsers 与 transcribers 子包
PY-TACTICAL-001,tactical,Tactical decision services,aesir-ai-service,app/services/tactical,,,source_verified,resolver policy event_policy receipt_store acknowledgement
PY-DATA-001,data,Local configuration and runtime data,aesir-ai-service,data,,,source_verified,YAML Golden JSON 与运行时 JSONL
PY-ROUTES-001,service,FastAPI route aggregation,aesir-ai-service,app/api/routes.py,router,,source_verified,注册 health commands companion voice speech tactical combat
PY-COMPANION-001,companion,Companion dialogue services,aesir-ai-service,app/services/companion,,,source_verified,dialogue_service 与 profile_repository
PY-SCHEMA-001,protocol,Pydantic protocol schemas,aesir-ai-service,app/schemas,,,source_verified,命令 战斗上下文 战术决策 事件 回执 对话
PY-RECEIPT-001,tactical,Execution receipt storage,aesir-ai-service,app/services/tactical/receipt_store.py,append_receipt,,source_verified,按日追加 JSONL
